page,kind,flow_id,note
src/app/dashboard/assets/page.tsx,active,assets,
src/app/dashboard/audit/page.tsx,active,stock-count,
src/app/dashboard/collaborator/page.tsx,active,collaborator-dashboard,
src/app/dashboard/collaborator/schedule/page.tsx,active,collaborator-schedule,
src/app/dashboard/commercial/page.tsx,active,catalog,
src/app/dashboard/conversions/page.tsx,active,measure-conversion,
src/app/dashboard/documents/collaborators/page.tsx,active,employee-documents,
src/app/dashboard/documents/company/page.tsx,active,company-documents,
src/app/dashboard/documents/consents/[employeeId]/page.tsx,active,consents,
src/app/dashboard/documents/generated/page.tsx,active,document-generation,
src/app/dashboard/documents/generator/page.tsx,active,document-generation,
src/app/dashboard/documents/management/page.tsx,navigation,document-templates;document-generation,
src/app/dashboard/documents/page.tsx,navigation,employee-documents;company-documents;document-templates;document-generation,
src/app/dashboard/documents/templates/[id]/page.tsx,active,document-templates,
src/app/dashboard/documents/templates/page.tsx,active,document-templates,
src/app/dashboard/dp/collaborators/[userId]/documents/page.tsx,active,people-access,
src/app/dashboard/dp/collaborators/[userId]/edit/page.tsx,active,people-access,
src/app/dashboard/dp/collaborators/[userId]/page.tsx,active,people-access,
src/app/dashboard/dp/collaborators/page.tsx,active,people-access,
src/app/dashboard/dp/documents/page.tsx,active,employee-documents,
src/app/dashboard/dp/ferias/[userId]/page.tsx,active,vacations,
src/app/dashboard/dp/ferias/page.tsx,active,vacations,
src/app/dashboard/dp/page.tsx,active,dp-overview,
src/app/dashboard/dp/schedules/[id]/page.tsx,active,dp-schedules,
src/app/dashboard/dp/schedules/month/[period]/page.tsx,active,dp-schedules,
src/app/dashboard/dp/schedules/page.tsx,active,dp-schedules,
src/app/dashboard/dp/settings/calendars/[id]/page.tsx,active,dp-settings,
src/app/dashboard/dp/settings/calendars/page.tsx,redirect,dp-settings,/dashboard/settings?department=pessoal&tab=calendars
src/app/dashboard/dp/settings/collaborators/page.tsx,active,dp-settings,
src/app/dashboard/dp/settings/login-access/page.tsx,redirect,dp-settings,/dashboard/settings?department=pessoal&tab=login-access
src/app/dashboard/dp/settings/organogram/page.tsx,redirect,dp-settings,/dashboard/settings?department=pessoal&tab=organogram
src/app/dashboard/dp/settings/page.tsx,redirect,dp-settings,Destino escolhido por permissões no cliente
src/app/dashboard/dp/settings/profile-compliance/page.tsx,redirect,dp-settings,/dashboard/settings?department=pessoal&tab=profile-compliance
src/app/dashboard/dp/settings/roles/page.tsx,redirect,dp-settings,/dashboard/settings?department=pessoal&tab=roles
src/app/dashboard/dp/settings/shifts/page.tsx,redirect,dp-settings,/dashboard/settings?department=pessoal&tab=shifts
src/app/dashboard/dp/settings/units/page.tsx,redirect,dp-settings,/dashboard/settings?department=operacional&tab=units
src/app/dashboard/dp/terminations/[id]/page.tsx,active,termination,
src/app/dashboard/dp/terminations/page.tsx,active,termination,
src/app/dashboard/expiry/page.tsx,active,stock-control,
src/app/dashboard/financial/assets/page.tsx,active,financial-assets,
src/app/dashboard/financial/beneficiaries/page.tsx,redirect,registry,/dashboard/registration/entities
src/app/dashboard/financial/cash-closures/[kioskId]/[year]/[month]/[day]/page.tsx,active,cash-closures,
src/app/dashboard/financial/cash-closures/[kioskId]/[year]/[month]/page.tsx,active,cash-closures,
src/app/dashboard/financial/cash-closures/[kioskId]/page.tsx,active,cash-closures,
src/app/dashboard/financial/cash-closures/page.tsx,active,cash-closures,
src/app/dashboard/financial/cash-closures/sessions/[sessionId]/page.tsx,active,cash-closures,
src/app/dashboard/financial/cash-closures/sessions/new/page.tsx,active,cash-closures,
src/app/dashboard/financial/cash-deposits/page.tsx,active,cash-deposits,
src/app/dashboard/financial/cash-flow/agent/page.tsx,active,cash-flow,
src/app/dashboard/financial/cash-flow/page.tsx,active,cash-flow,
src/app/dashboard/financial/cash-flow/receivables/page.tsx,active,receivables,
src/app/dashboard/financial/dre/page.tsx,active,dre,
src/app/dashboard/financial/expenses/@modal/(.)new/page.tsx,special,expenses,parallel/intercept route
src/app/dashboard/financial/expenses/authorizations/page.tsx,active,payment-requests,
src/app/dashboard/financial/expenses/card-statements/page.tsx,active,card-statements,
src/app/dashboard/financial/expenses/import/page.tsx,active,expenses,
src/app/dashboard/financial/expenses/inbox/page.tsx,active,financial-inbox,
src/app/dashboard/financial/expenses/new/page.tsx,active,expenses,
src/app/dashboard/financial/expenses/page.tsx,active,expenses,
src/app/dashboard/financial/expenses/pending-audit/page.tsx,active,expenses,
src/app/dashboard/financial/financial-flow/page.tsx,redirect,cash-flow,/dashboard/financial/cash-flow
src/app/dashboard/financial/inbox/page.tsx,redirect,financial-inbox,/dashboard/financial/expenses/inbox
src/app/dashboard/financial/page.tsx,active,financial-overview,Painel com indicadores
src/app/dashboard/financial/payment-requests/page.tsx,redirect,payment-requests,/dashboard/financial/expenses/authorizations
src/app/dashboard/financial/reconciliation/card-statements/page.tsx,active,card-statements,
src/app/dashboard/financial/sales-reconciliation/page.tsx,active,sales-reconciliation,
src/app/dashboard/financial/settings/page.tsx,redirect,settings,/dashboard/settings
src/app/dashboard/financial/stone-anticipations/page.tsx,active,stone,
src/app/dashboard/forms/[id]/page.tsx,active,forms,
src/app/dashboard/forms/[id]/view/page.tsx,active,forms,
src/app/dashboard/forms/mine/page.tsx,active,forms,
src/app/dashboard/forms/models/[modelId]/page.tsx,active,forms,
src/app/dashboard/forms/models/new/page.tsx,active,forms,
src/app/dashboard/forms/page.tsx,active,forms,
src/app/dashboard/goals/analysis/page.tsx,active,goals,
src/app/dashboard/goals/history/page.tsx,active,goals,
src/app/dashboard/goals/page.tsx,redirect,goals,/dashboard/goals/tracking
src/app/dashboard/goals/registration/page.tsx,active,goals,
src/app/dashboard/goals/tracking/page.tsx,active,goals,
src/app/dashboard/help/page.tsx,active,help,
src/app/dashboard/hr/org-chart/page.tsx,active,organization,
src/app/dashboard/hr/recruitment/forms/page.tsx,redirect,recruitment,/dashboard/settings?department=pessoal&tab=recruitment
src/app/dashboard/hr/recruitment/integration/clinics/page.tsx,redirect,registry,/dashboard/registration/entities
src/app/dashboard/hr/recruitment/integration/page.tsx,active,hr-integration,
src/app/dashboard/hr/recruitment/page.tsx,active,recruitment,Em produção exibe tela de construção
src/app/dashboard/hr/recruitment/talents/page.tsx,active,recruitment,
src/app/dashboard/import/page.tsx,inactive,,
src/app/dashboard/inventory/page.tsx,active,inventory-conversion,
src/app/dashboard/inventory-control/page.tsx,active,stock-control,
src/app/dashboard/items/page.tsx,inactive,,
src/app/dashboard/manager-diary/[logId]/page.tsx,inactive,,
src/app/dashboard/manager-diary/page.tsx,inactive,,
src/app/dashboard/operations/page.tsx,active,operations,
src/app/dashboard/operations/settings/page.tsx,redirect,settings,/dashboard/settings?department=operacional&tab=forms
src/app/dashboard/page.tsx,active,platform-home,
src/app/dashboard/predefined/page.tsx,inactive,,
src/app/dashboard/pricing/competitors/page.tsx,redirect,pricing,/dashboard/pricing/price-comparison
src/app/dashboard/pricing/cost-analysis/page.tsx,active,pricing,
src/app/dashboard/pricing/page.tsx,navigation,pricing,
src/app/dashboard/pricing/price-comparison/page.tsx,active,pricing,
src/app/dashboard/processes/page.tsx,active,termination,
src/app/dashboard/purchasing/costs/page.tsx,active,purchasing,
src/app/dashboard/purchasing/financial/page.tsx,redirect,expenses,/dashboard/financial/expenses?origin=purchasing&status=pending_audit
src/app/dashboard/purchasing/orders/[orderId]/page.tsx,active,purchasing,
src/app/dashboard/purchasing/orders/[orderId]/receipt/page.tsx,active,purchasing,
src/app/dashboard/purchasing/orders/page.tsx,active,purchasing,
src/app/dashboard/purchasing/page.tsx,redirect,purchasing,/dashboard/purchasing/orders
src/app/dashboard/purchasing/quotations/[quotationId]/confirm-purchase/page.tsx,active,purchasing,
src/app/dashboard/purchasing/quotations/[quotationId]/page.tsx,active,purchasing,
src/app/dashboard/purchasing/quotations/compare/page.tsx,active,purchasing,
src/app/dashboard/purchasing/quotations/page.tsx,active,purchasing,
src/app/dashboard/purchasing/receipts/page.tsx,active,purchasing,
src/app/dashboard/registration/base-products/page.tsx,active,registry,
src/app/dashboard/registration/entities/page.tsx,active,registry,
src/app/dashboard/registration/items/page.tsx,active,registry,
src/app/dashboard/registration/page.tsx,navigation,registry,
src/app/dashboard/reports/page.tsx,navigation,stock-analysis,
src/app/dashboard/resignation/page.tsx,active,termination,
src/app/dashboard/rh/config/fields/page.tsx,active,rh-bizneo,
src/app/dashboard/rh/config/roles/page.tsx,active,rh-bizneo,
src/app/dashboard/rh/employees/[bizneo_employee_id]/page.tsx,active,rh-bizneo,
src/app/dashboard/rh/employees/page.tsx,active,rh-bizneo,
src/app/dashboard/rh/me/page.tsx,active,rh-bizneo,
src/app/dashboard/rh/sync/page.tsx,active,rh-bizneo,
src/app/dashboard/settings/page.tsx,active,settings,
src/app/dashboard/settings/pdv-sync/page.tsx,active,pdv-sync,
src/app/dashboard/settings/units/page.tsx,active,settings,
src/app/dashboard/signage/page.tsx,active,signage,
src/app/dashboard/stock/analysis/consumption/page.tsx,active,stock-analysis,
src/app/dashboard/stock/analysis/movement-analysis/page.tsx,active,stock-analysis,
src/app/dashboard/stock/analysis/page.tsx,navigation,stock-analysis,
src/app/dashboard/stock/analysis/projection/page.tsx,active,stock-analysis,
src/app/dashboard/stock/analysis/restock/page.tsx,active,stock-analysis,
src/app/dashboard/stock/analysis/sales/page.tsx,active,stock-analysis,
src/app/dashboard/stock/analysis/valuation/page.tsx,active,stock-analysis,
src/app/dashboard/stock/audit/page.tsx,inactive,,
src/app/dashboard/stock/audit/stock-audit/page.tsx,inactive,,
src/app/dashboard/stock/count/page.tsx,active,stock-count,
src/app/dashboard/stock/inventory-control/page.tsx,active,stock-control,
src/app/dashboard/stock/item-requests/page.tsx,active,stock-requests,
src/app/dashboard/stock/movement-history/page.tsx,inactive,,
src/app/dashboard/stock/page.tsx,navigation,stock-control;stock-count;stock-analysis;purchasing;stock-returns;stock-reposition,
src/app/dashboard/stock/purchasing/history/page.tsx,active,purchasing,
src/app/dashboard/stock/purchasing/page.tsx,navigation,purchasing,
src/app/dashboard/stock/purchasing/sessions/[sessionId]/page.tsx,active,purchasing,
src/app/dashboard/stock/purchasing/sessions/page.tsx,redirect,purchasing,/dashboard/stock/purchasing
src/app/dashboard/stock/purchasing/suggestion/page.tsx,inactive,,
src/app/dashboard/stock/reposition/page.tsx,active,stock-reposition,
src/app/dashboard/stock/returns/page.tsx,active,stock-returns,
src/app/dashboard/stock/transfer/page.tsx,active,stock-control,
src/app/dashboard/stock/uniforms/page.tsx,active,uniforms,
src/app/dashboard/stock/write-down/page.tsx,active,stock-control,
src/app/dashboard/tasks/page.tsx,active,tasks,
src/app/dashboard/team/page.tsx,inactive,,
src/app/dashboard/users/inactive/page.tsx,active,people-access,
src/app/dashboard/users/page.tsx,redirect,people-access,/dashboard/dp/collaborators
