kind,source,symbol,guide,note
api,src/app/api/financial/acquirer-fees/route.ts,,docs/engineering/flows/stone-sales-review.md,Previa e apropriacao de taxas explicitas; admin padrao e escopo revalidados; sem novo debito bancario.
api,src/app/api/admin/fix-receipts/route.ts,,docs/engineering/access-and-privacy.md,Destino de investigacao; conferir metodo e ramo no handler.
api,src/app/api/ai/analyze-consumption/route.ts,,docs/engineering/flows/stock-analysis.md,Destino de investigacao; conferir metodo e ramo no handler.
api,src/app/api/ai/analyze-goals/route.ts,,docs/engineering/flows/goals.md,Destino de investigacao; conferir metodo e ramo no handler.
api,src/app/api/assets/[assetId]/movements/route.ts,,docs/engineering/flows/assets.md,Destino de investigacao; conferir metodo e ramo no handler.
api,src/app/api/assets/[assetId]/route.ts,,docs/engineering/flows/assets.md,Destino de investigacao; conferir metodo e ramo no handler.
api,src/app/api/assets/barcode-labels/route.ts,,docs/engineering/flows/assets.md,Destino de investigacao; conferir metodo e ramo no handler.
api,src/app/api/assets/categories/route.ts,,docs/engineering/flows/assets.md,Destino de investigacao; conferir metodo e ramo no handler.
api,src/app/api/assets/route.ts,,docs/engineering/flows/assets.md,Destino de investigacao; conferir metodo e ramo no handler.
api,src/app/api/assets/upload/route.ts,,docs/engineering/flows/assets.md,Destino de investigacao; conferir metodo e ramo no handler.
api,src/app/api/audit/log/route.ts,,docs/engineering/access-and-privacy.md,Destino de investigacao; conferir metodo e ramo no handler.
api,src/app/api/audit/logs/route.ts,,docs/engineering/access-and-privacy.md,Destino de investigacao; conferir metodo e ramo no handler.
api,src/app/api/auth/first-access/[token]/route.ts,,docs/engineering/access-and-privacy.md,Destino de investigacao; conferir metodo e ramo no handler.
api,src/app/api/auth/forgot-password/route.ts,,docs/engineering/access-and-privacy.md,Destino de investigacao; conferir metodo e ramo no handler.
api,src/app/api/auth/last-login/route.ts,,docs/engineering/access-and-privacy.md,Destino de investigacao; conferir metodo e ramo no handler.
api,src/app/api/auth/password-changed/route.ts,,docs/engineering/access-and-privacy.md,Destino de investigacao; conferir metodo e ramo no handler.
api,src/app/api/catalogo/route.ts,,docs/engineering/flows/catalog.md,Destino de investigacao; conferir metodo e ramo no handler.
api,src/app/api/client/bootstrap/route.ts,,docs/engineering/access-and-privacy.md,Destino de investigacao; conferir metodo e ramo no handler.
api,src/app/api/collaborator/dashboard/route.ts,,docs/engineering/flows/collaborator-dashboard.md,Destino de investigacao; conferir metodo e ramo no handler.
api,src/app/api/collaborator/schedule/route.ts,,docs/engineering/flows/collaborator-schedule.md,Destino de investigacao; conferir metodo e ramo no handler.
api,src/app/api/companies/[id]/consultation-history/route.ts,,docs/engineering/flows/registry.md,Destino de investigacao; conferir metodo e ramo no handler.
api,src/app/api/companies/[id]/route.ts,,docs/engineering/flows/registry.md,Destino de investigacao; conferir metodo e ramo no handler.
api,src/app/api/companies/cnpj/[cnpj]/refresh/route.ts,,docs/engineering/flows/registry.md,Destino de investigacao; conferir metodo e ramo no handler.
api,src/app/api/companies/cnpj/[cnpj]/route.ts,,docs/engineering/flows/registry.md,Destino de investigacao; conferir metodo e ramo no handler.
api,src/app/api/companies/document-signatories/route.ts,,docs/engineering/flows/document-generation.md,Destino de investigacao; conferir metodo e ramo no handler.
api,src/app/api/companies/route.ts,,docs/engineering/flows/registry.md,Destino de investigacao; conferir metodo e ramo no handler.
api,src/app/api/documents/collective-agreements/[id]/route.ts,,docs/engineering/flows/company-documents.md,Destino de investigacao; conferir metodo e ramo no handler.
api,src/app/api/documents/collective-agreements/route.ts,,docs/engineering/flows/company-documents.md,Destino de investigacao; conferir metodo e ramo no handler.
api,src/app/api/documents/company/access/route.ts,,docs/engineering/flows/company-documents.md,Destino de investigacao; conferir metodo e ramo no handler.
api,src/app/api/documents/company/analyze/route.ts,,docs/engineering/flows/company-documents.md,Destino de investigacao; conferir metodo e ramo no handler.
api,src/app/api/documents/company/route.ts,,docs/engineering/flows/company-documents.md,Destino de investigacao; conferir metodo e ramo no handler.
api,src/app/api/documents/company/units/route.ts,,docs/engineering/flows/company-documents.md,Destino de investigacao; conferir metodo e ramo no handler.
api,src/app/api/documents/generate/route.ts,,docs/engineering/flows/document-generation.md,Destino de investigacao; conferir metodo e ramo no handler.
api,src/app/api/documents/generated/[id]/audit/route.ts,,docs/engineering/flows/document-generation.md,Destino de investigacao; conferir metodo e ramo no handler.
api,src/app/api/documents/generated/[id]/file/route.ts,,docs/engineering/flows/document-generation.md,Destino de investigacao; conferir metodo e ramo no handler.
api,src/app/api/documents/generated/[id]/route.ts,,docs/engineering/flows/document-generation.md,Destino de investigacao; conferir metodo e ramo no handler.
api,src/app/api/documents/generated/[id]/signature/route.ts,,docs/engineering/flows/document-generation.md,Destino de investigacao; conferir metodo e ramo no handler.
api,src/app/api/documents/generated/route.ts,,docs/engineering/flows/document-generation.md,Destino de investigacao; conferir metodo e ramo no handler.
api,src/app/api/documents/generator/parties/route.ts,,docs/engineering/flows/document-generation.md,Destino de investigacao; conferir metodo e ramo no handler.
api,src/app/api/documents/generator/templates/route.ts,,docs/engineering/flows/document-generation.md,Destino de investigacao; conferir metodo e ramo no handler.
api,src/app/api/documents/templates/[id]/ai-plan/route.ts,,docs/engineering/flows/document-templates.md,Destino de investigacao; conferir metodo e ramo no handler.
api,src/app/api/documents/templates/[id]/editable-version/route.ts,,docs/engineering/flows/document-templates.md,Destino de investigacao; conferir metodo e ramo no handler.
api,src/app/api/documents/templates/[id]/editor/route.ts,,docs/engineering/flows/document-templates.md,Destino de investigacao; conferir metodo e ramo no handler.
api,src/app/api/documents/templates/[id]/file/route.ts,,docs/engineering/flows/document-templates.md,Destino de investigacao; conferir metodo e ramo no handler.
api,src/app/api/documents/templates/[id]/integrity/route.ts,,docs/engineering/flows/document-templates.md,Destino de investigacao; conferir metodo e ramo no handler.
api,src/app/api/documents/templates/[id]/preview/route.ts,,docs/engineering/flows/document-templates.md,Destino de investigacao; conferir metodo e ramo no handler.
api,src/app/api/documents/templates/[id]/route.ts,,docs/engineering/flows/document-templates.md,Destino de investigacao; conferir metodo e ramo no handler.
api,src/app/api/documents/templates/[id]/source/route.ts,,docs/engineering/flows/document-templates.md,Destino de investigacao; conferir metodo e ramo no handler.
api,src/app/api/documents/templates/[id]/text/route.ts,,docs/engineering/flows/document-templates.md,Destino de investigacao; conferir metodo e ramo no handler.
api,src/app/api/documents/templates/[id]/workflow/route.ts,,docs/engineering/flows/document-templates.md,Destino de investigacao; conferir metodo e ramo no handler.
api,src/app/api/documents/templates/route.ts,,docs/engineering/flows/document-templates.md,Destino de investigacao; conferir metodo e ramo no handler.
api,src/app/api/dashboard/layouts/route.ts,,docs/engineering/flows/platform-home.md,Layouts pessoais do painel por UID; modelos compartilhados somente para administradores; preferencia ativa individual.
api,src/app/api/dp/bootstrap/route.ts,,docs/engineering/flows/dp-overview.md,Destino de investigacao; conferir metodo e ramo no handler.
api,src/app/api/dp/natasha/team/route.ts,,docs/engineering/flows/dp-schedules.md,Equipe candidata minima da Natasha; leitura autenticada por unidades com permissao dupla e limites fail-closed; sem escala ou escrita.
api,src/app/api/dp/natasha/availability/route.ts,,docs/engineering/flows/dp-schedules.md,Ferias da equipe candidata na competencia e continuidade; leitura autenticada limitada e sem folgas indisponibilidades ou escrita.
api,src/app/api/dp/natasha/shift-definitions/route.ts,,docs/engineering/flows/dp-schedules.md,Definicoes minimas de horario para unidades autorizadas; leitura limitada sem classificar posicoes nem escrever escala.
api,src/app/api/dp/schedules/[scheduleId]/coverage-demands/[date]/route.ts,,docs/engineering/flows/dp-schedules.md,Destino de investigacao; conferir metodo e ramo no handler.
api,src/app/api/dp/schedules/[scheduleId]/day-offs/route.ts,,docs/engineering/flows/dp-schedules.md,Destino de investigacao; conferir metodo e ramo no handler.
api,src/app/api/dp/schedules/[scheduleId]/shifts/[shiftId]/route.ts,,docs/engineering/flows/dp-schedules.md,Destino de investigacao; conferir metodo e ramo no handler.
api,src/app/api/dp/schedules/[scheduleId]/shifts/bulk/route.ts,,docs/engineering/flows/dp-schedules.md,Destino de investigacao; conferir metodo e ramo no handler.
api,src/app/api/dp/schedules/[scheduleId]/vacations/route.ts,,docs/engineering/flows/dp-schedules.md,Destino de investigacao; conferir metodo e ramo no handler.
api,src/app/api/dp/unit-groups/[groupId]/route.ts,,docs/engineering/flows/dp-configuration.md,Destino de investigacao; conferir metodo e ramo no handler.
api,src/app/api/dp/unit-groups/route.ts,,docs/engineering/flows/dp-configuration.md,Destino de investigacao; conferir metodo e ramo no handler.
api,src/app/api/dp/unit-organizations/[organizationId]/route.ts,,docs/engineering/flows/dp-configuration.md,Destino de investigacao; conferir metodo e ramo no handler.
api,src/app/api/dp/unit-organizations/route.ts,,docs/engineering/flows/dp-configuration.md,Destino de investigacao; conferir metodo e ramo no handler.
api,src/app/api/dp/units/[unitId]/route.ts,,docs/engineering/flows/dp-configuration.md,Destino de investigacao; conferir metodo e ramo no handler.
api,src/app/api/dp/units/route.ts,,docs/engineering/flows/dp-configuration.md,Destino de investigacao; conferir metodo e ramo no handler.
api,src/app/api/dp/vacations/[vacationId]/assets/[kind]/route.ts,,docs/engineering/flows/vacation-notice.md,Destino de investigacao; conferir metodo e ramo no handler.
api,src/app/api/dp/vacations/[vacationId]/events/route.ts,,docs/engineering/flows/vacation-payment-closure.md,Destino de investigacao; conferir metodo e ramo no handler.
api,src/app/api/dp/vacations/[vacationId]/notice/route.ts,,docs/engineering/flows/vacation-notice.md,Destino de investigacao; conferir metodo e ramo no handler.
api,src/app/api/dp/vacations/[vacationId]/receipt-documents/[documentId]/route.ts,,docs/engineering/flows/vacation-receipts.md,Destino de investigacao; conferir metodo e ramo no handler.
api,src/app/api/dp/vacations/[vacationId]/route.ts,,docs/engineering/flows/vacation-payment-closure.md,Destino de investigacao; conferir metodo e ramo no handler.
api,src/app/api/dp/vacations/route.ts,,docs/engineering/flows/vacation-payment-closure.md,Destino de investigacao; conferir metodo e ramo no handler.
api,src/app/api/financial/accounts/route.ts,,docs/engineering/flows/expenses.md,Destino de investigacao; conferir metodo e ramo no handler.
api,src/app/api/financial/agent/route.ts,,docs/engineering/flows/financial-overview.md,Destino de investigacao; conferir metodo e ramo no handler.
api,src/app/api/financial/analysis-routines/route.ts,,docs/engineering/flows/financial-overview.md,Destino de investigacao; conferir metodo e ramo no handler.
api,src/app/api/financial/analysis-routines/scheduler/route.ts,,docs/engineering/runtime-surfaces.md,Destino de investigacao; conferir metodo e ramo no handler.
api,src/app/api/financial/beneficiaries/entities/[entityId]/route.ts,,docs/engineering/flows/payment-requests.md,Destino de investigacao; conferir metodo e ramo no handler.
api,src/app/api/financial/beneficiaries/route.ts,,docs/engineering/flows/payment-requests.md,Destino de investigacao; conferir metodo e ramo no handler.
api,src/app/api/financial/bootstrap/route.ts,,docs/engineering/flows/expenses.md,Destino de investigacao; conferir metodo e ramo no handler.
api,src/app/api/financial/budget-inputs/route.ts,,docs/engineering/flows/financial-budgets.md,Orcamentos na main; conferir escopo por acao e gatilho.
api,src/app/api/financial/budget-projects/[id]/candidates/route.ts,,docs/engineering/flows/financial-budgets.md,Orcamentos na main; conferir escopo por acao e gatilho.
api,src/app/api/financial/budget-projects/[id]/expenses/route.ts,,docs/engineering/flows/financial-budgets.md,Orcamentos na main; conferir escopo por acao e gatilho.
api,src/app/api/financial/budget-projects/[id]/route.ts,,docs/engineering/flows/financial-budgets.md,Orcamentos na main; conferir escopo por acao e gatilho.
api,src/app/api/financial/budget-projects/[id]/stages/route.ts,,docs/engineering/flows/financial-budgets.md,Encerramento/reabertura de expectativa por etapa; gestao global e evidencia transacional.
api,src/app/api/financial/budget-projects/route.ts,,docs/engineering/flows/financial-budgets.md,Orcamentos na main; conferir escopo por acao e gatilho.
api,src/app/api/financial/budget-rules/[id]/route.ts,,docs/engineering/flows/financial-budgets.md,Orcamentos na main; conferir escopo por acao e gatilho.
api,src/app/api/financial/budget-rules/generate/route.ts,,docs/engineering/flows/financial-budgets.md,Orcamentos na main; conferir escopo por acao e gatilho.
api,src/app/api/financial/budget-rules/preview/route.ts,,docs/engineering/flows/financial-budgets.md,Orcamentos na main; conferir escopo por acao e gatilho.
api,src/app/api/financial/budget-rules/route.ts,,docs/engineering/flows/financial-budgets.md,Orcamentos na main; conferir escopo por acao e gatilho.
api,src/app/api/financial/budgets/[id]/coverage/route.ts,,docs/engineering/flows/financial-budgets.md,"Rota adicionada na main70aaab65; conferir schemas, permissao e consumidores."
api,src/app/api/financial/budgets/[id]/route.ts,,docs/engineering/flows/financial-budgets.md,Orcamentos na main; conferir escopo por acao e gatilho.
api,src/app/api/financial/budgets/cash-projections/route.ts,,docs/engineering/flows/financial-budgets.md,"Rota adicionada na main70aaab65; conferir schemas, permissao e consumidores."
api,src/app/api/financial/budgets/centers/route.ts,,docs/engineering/flows/financial-budgets.md,GET sem escrita; catálogo histórico limitado e todas as unidades autorizadas.
api,src/app/api/financial/budgets/forecast-conversion/route.ts,,docs/engineering/flows/financial-budgets.md,"Rota adicionada na main70aaab65; conferir schemas, permissao e consumidores."
api,src/app/api/financial/budgets/person-references/route.ts,,docs/engineering/flows/financial-budgets.md,"Rota adicionada na main70aaab65; conferir schemas, permissao e consumidores."
api,src/app/api/financial/budgets/route.ts,,docs/engineering/flows/financial-budgets.md,Orcamentos na main; conferir escopo por acao e gatilho.
api,src/app/api/financial/card-statements/[statementId]/reconcile/route.ts,,docs/engineering/flows/card-statements.md,Destino de investigacao; conferir metodo e ramo no handler.
api,src/app/api/financial/card-statements/import-preview/route.ts,,docs/engineering/flows/card-statements.md,Destino de investigacao; conferir metodo e ramo no handler.
api,src/app/api/financial/card-statements/import/route.ts,,docs/engineering/flows/card-statements.md,Destino de investigacao; conferir metodo e ramo no handler.
api,src/app/api/financial/cash-closures/[closureId]/audit/route.ts,,docs/engineering/flows/cash-closures.md,Destino de investigacao; conferir metodo e ramo no handler.
api,src/app/api/financial/cash-closures/[closureId]/expected-adjustment/route.ts,,docs/engineering/flows/cash-closures.md,Destino de investigacao; conferir metodo e ramo no handler.
api,src/app/api/financial/cash-closures/[closureId]/finalize/route.ts,,docs/engineering/flows/cash-closures.md,Destino de investigacao; conferir metodo e ramo no handler.
api,src/app/api/financial/cash-closures/[closureId]/reopen/route.ts,,docs/engineering/flows/cash-closures.md,Destino de investigacao; conferir metodo e ramo no handler.
api,src/app/api/financial/cash-closures/[closureId]/route.ts,,docs/engineering/flows/cash-closures.md,Destino de investigacao; conferir metodo e ramo no handler.
api,src/app/api/financial/cash-closures/[closureId]/split-deposit/route.ts,,docs/engineering/flows/cash-closures.md,Destino de investigacao; conferir metodo e ramo no handler.
api,src/app/api/financial/cash-closures/[closureId]/withdrawals/route.ts,,docs/engineering/flows/cash-closures.md,Classificacao transacional de sangrias com autenticacao e escopo de unidade/workspace; GET sem escrita.
api,src/app/api/financial/cash-closures/months/route.ts,,docs/engineering/flows/cash-closures.md,Destino de investigacao; conferir metodo e ramo no handler.
api,src/app/api/financial/cash-closures/overview/route.ts,,docs/engineering/flows/cash-closures.md,Destino de investigacao; conferir metodo e ramo no handler.
api,src/app/api/financial/cash-closures/route.ts,,docs/engineering/flows/cash-closures.md,Destino de investigacao; conferir metodo e ramo no handler.
api,src/app/api/financial/cash-closures/sync/route.ts,,docs/engineering/flows/cash-closures.md,Destino de investigacao; conferir metodo e ramo no handler.
api,src/app/api/financial/cash-counting-sessions/[sessionId]/cancel/route.ts,,docs/engineering/flows/cash-closures.md,Destino de investigacao; conferir metodo e ramo no handler.
api,src/app/api/financial/cash-counting-sessions/[sessionId]/coins/exchange/route.ts,,docs/engineering/flows/cash-closures.md,Destino de investigacao; conferir metodo e ramo no handler.
api,src/app/api/financial/cash-counting-sessions/[sessionId]/denominations/route.ts,,docs/engineering/flows/cash-closures.md,Destino de investigacao; conferir metodo e ramo no handler.
api,src/app/api/financial/cash-counting-sessions/[sessionId]/draft-position/route.ts,,docs/engineering/flows/cash-closures.md,Destino de investigacao; conferir metodo e ramo no handler.
api,src/app/api/financial/cash-counting-sessions/[sessionId]/finish/route.ts,,docs/engineering/flows/cash-closures.md,Destino de investigacao; conferir metodo e ramo no handler.
api,src/app/api/financial/cash-counting-sessions/[sessionId]/route.ts,,docs/engineering/flows/cash-closures.md,Destino de investigacao; conferir metodo e ramo no handler.
api,src/app/api/financial/cash-counting-sessions/route.ts,,docs/engineering/flows/cash-closures.md,Destino de investigacao; conferir metodo e ramo no handler.
api,src/app/api/financial/cash-deposits/[batchId]/cancel/route.ts,,docs/engineering/flows/cash-deposits.md,Destino de investigacao; conferir metodo e ramo no handler.
api,src/app/api/financial/cash-deposits/[batchId]/coins/route.ts,,docs/engineering/flows/cash-deposits.md,Destino de investigacao; conferir metodo e ramo no handler.
api,src/app/api/financial/cash-deposits/[batchId]/issue/route.ts,,docs/engineering/flows/cash-deposits.md,Destino de investigacao; conferir metodo e ramo no handler.
api,src/app/api/financial/cash-deposits/[batchId]/pdf/route.ts,,docs/engineering/flows/cash-deposits.md,Destino de investigacao; conferir metodo e ramo no handler.
api,src/app/api/financial/cash-deposits/[batchId]/refresh/route.ts,,docs/engineering/flows/cash-deposits.md,Destino de investigacao; conferir metodo e ramo no handler.
api,src/app/api/financial/cash-deposits/[batchId]/route.ts,,docs/engineering/flows/cash-deposits.md,Destino de investigacao; conferir metodo e ramo no handler.
api,src/app/api/financial/cash-deposits/adjustments/allocate/route.ts,,docs/engineering/flows/cash-deposits.md,Destino de investigacao; conferir metodo e ramo no handler.
api,src/app/api/financial/cash-deposits/coins/exchange/route.ts,,docs/engineering/flows/cash-deposits.md,Destino de investigacao; conferir metodo e ramo no handler.
api,src/app/api/financial/cash-deposits/inter/webhook/route.ts,,docs/engineering/runtime-surfaces.md,Destino de investigacao; conferir metodo e ramo no handler.
api,src/app/api/financial/cash-deposits/reports/export/route.ts,,docs/engineering/flows/cash-deposits.md,Destino de investigacao; conferir metodo e ramo no handler.
api,src/app/api/financial/cash-deposits/reports/route.ts,,docs/engineering/flows/cash-deposits.md,Destino de investigacao; conferir metodo e ramo no handler.
api,src/app/api/financial/cash-deposits/route.ts,,docs/engineering/flows/cash-deposits.md,Destino de investigacao; conferir metodo e ramo no handler.
api,src/app/api/financial/data/route.ts,,docs/engineering/flows/cash-flow.md,Destino de investigacao; conferir metodo e ramo no handler.
api,src/app/api/financial/dre/cmv-closure/route.ts,,docs/engineering/flows/dre.md,POST fechar/reabrir CMV por unidade e competencia; transacao e autorizacao por acao.
api,src/app/api/financial/dre/source-data/route.ts,,docs/engineering/flows/dre.md,Destino de investigacao; conferir metodo e ramo no handler.
api,src/app/api/financial/dre/stock-cmv/route.ts,,docs/engineering/flows/dre.md,Destino de investigacao; conferir metodo e ramo no handler.
api,src/app/api/financial/expenses/[expenseId]/adjustments/[adjustmentId]/route.ts,,docs/engineering/flows/expenses.md,Destino de investigacao; conferir metodo e ramo no handler.
api,src/app/api/financial/expenses/[expenseId]/boleto/payment/route.ts,,docs/engineering/flows/payment-requests.md,"Rota adicionada na main70aaab65; conferir schemas, permissao e consumidores."
api,src/app/api/financial/expenses/[expenseId]/boleto/route.ts,,docs/engineering/flows/payment-requests.md,"Rota adicionada na main70aaab65; conferir schemas, permissao e consumidores."
api,src/app/api/financial/expenses/[expenseId]/payments/route.ts,,docs/engineering/flows/expenses.md,Destino de investigacao; conferir metodo e ramo no handler.
api,src/app/api/financial/expenses/[expenseId]/reconcile-provision/route.ts,,docs/engineering/flows/expenses.md,Destino de investigacao; conferir metodo e ramo no handler.
api,src/app/api/financial/expenses/[expenseId]/settlement/route.ts,,docs/engineering/flows/expenses.md,Destino de investigacao; conferir metodo e ramo no handler.
api,src/app/api/financial/import-sessions/[sessionId]/route.ts,,docs/engineering/flows/expenses.md,Destino de investigacao; conferir metodo e ramo no handler.
api,src/app/api/financial/inbox/[id]/analyze/route.ts,,docs/engineering/flows/financial-inbox.md,Destino de investigacao; conferir metodo e ramo no handler.
api,src/app/api/financial/inbox/[id]/files/[fileId]/route.ts,,docs/engineering/flows/financial-inbox.md,Destino de investigacao; conferir metodo e ramo no handler.
api,src/app/api/financial/inbox/[id]/link/route.ts,,docs/engineering/flows/financial-inbox.md,Destino de investigacao; conferir metodo e ramo no handler.
api,src/app/api/financial/inbox/[id]/payment/route.ts,,docs/engineering/flows/financial-inbox.md,Destino de investigacao; conferir metodo e ramo no handler.
api,src/app/api/financial/inbox/[id]/restore/route.ts,,docs/engineering/flows/financial-inbox.md,Destino de investigacao; conferir metodo e ramo no handler.
api,src/app/api/financial/inbox/[id]/route.ts,,docs/engineering/flows/financial-inbox.md,Destino de investigacao; conferir metodo e ramo no handler.
api,src/app/api/financial/inbox/bulk-review/route.ts,,docs/engineering/flows/financial-inbox.md,Destino de investigacao; conferir metodo e ramo no handler.
api,src/app/api/financial/inbox/route.ts,,docs/engineering/flows/financial-inbox.md,Destino de investigacao; conferir metodo e ramo no handler.
api,src/app/api/financial/inbox/settings/route.ts,,docs/engineering/flows/financial-inbox.md,Destino de investigacao; conferir metodo e ramo no handler.
api,src/app/api/financial/management-analysis/route.ts,,docs/engineering/flows/financial-overview.md,Destino de investigacao; conferir metodo e ramo no handler.
api,src/app/api/financial/payment-requests/[id]/authorize/route.ts,,docs/engineering/flows/payment-requests.md,Destino de investigacao; conferir metodo e ramo no handler.
api,src/app/api/financial/payment-requests/[id]/proof/route.ts,,docs/engineering/flows/payment-requests.md,Destino de investigacao; conferir metodo e ramo no handler.
api,src/app/api/financial/payment-requests/[id]/refresh/route.ts,,docs/engineering/flows/payment-requests.md,Destino de investigacao; conferir metodo e ramo no handler.
api,src/app/api/financial/payment-requests/[id]/submit/route.ts,,docs/engineering/flows/payment-requests.md,Destino de investigacao; conferir metodo e ramo no handler.
api,src/app/api/financial/payment-requests/route.ts,,docs/engineering/flows/payment-requests.md,Destino de investigacao; conferir metodo e ramo no handler.
api,src/app/api/financial/pdv-stone-review/route.ts,,docs/engineering/flows/stone-sales-review.md,Destino de investigacao; conferir metodo e ramo no handler.
api,src/app/api/financial/stone-agenda/route.ts,,docs/engineering/flows/receivables-stone.md,Destino de investigacao; conferir metodo e ramo no handler.
api,src/app/api/financial/stone-anticipations/route.ts,,docs/engineering/flows/receivables-stone.md,Destino de investigacao; conferir metodo e ramo no handler.
api,src/app/api/financial/stone-future-receivables/route.ts,,docs/engineering/flows/receivables-stone.md,Destino de investigacao; conferir metodo e ramo no handler.
api,src/app/api/financial/stone-receipts/reconcile/route.ts,,docs/engineering/flows/stone-sales-review.md,Consulta autenticada e administrativa; lê arquivos Stone publicados e créditos Inter limitados, sem escrita financeira.
api,src/app/api/financial/stone-mappings/route.ts,,docs/engineering/flows/stone-sales-review.md,Destino de investigacao; conferir metodo e ramo no handler.
api,src/app/api/financial/stone-portfolio-cron/route.ts,,docs/engineering/runtime-surfaces.md,Destino de investigacao; conferir metodo e ramo no handler.
api,src/app/api/financial/stone-portfolio/route.ts,,docs/engineering/flows/receivables-stone.md,Destino de investigacao; conferir metodo e ramo no handler.
api,src/app/api/financial/stone-wallet-position/route.ts,,docs/engineering/flows/receivables-stone.md,Destino de investigacao; conferir metodo e ramo no handler.
api,src/app/api/forms/analytics/admin/aggregates/recompute/route.ts,,docs/engineering/flows/forms.md,Destino de investigacao; conferir metodo e ramo no handler.
api,src/app/api/forms/analytics/admin/privacy/anonymize-due/route.ts,,docs/engineering/flows/forms.md,Destino de investigacao; conferir metodo e ramo no handler.
api,src/app/api/forms/analytics/admin/privacy/backfill/route.ts,,docs/engineering/flows/forms.md,Destino de investigacao; conferir metodo e ramo no handler.
api,src/app/api/forms/analytics/admin/reprocess/execute/route.ts,,docs/engineering/flows/forms.md,Destino de investigacao; conferir metodo e ramo no handler.
api,src/app/api/forms/analytics/admin/reprocess/simulate/route.ts,,docs/engineering/flows/forms.md,Destino de investigacao; conferir metodo e ramo no handler.
api,src/app/api/forms/analytics/criteria/[criterionId]/route.ts,,docs/engineering/flows/forms.md,Destino de investigacao; conferir metodo e ramo no handler.
api,src/app/api/forms/analytics/criteria/route.ts,,docs/engineering/flows/forms.md,Destino de investigacao; conferir metodo e ramo no handler.
api,src/app/api/forms/analytics/domains/[domainId]/route.ts,,docs/engineering/flows/forms.md,Destino de investigacao; conferir metodo e ramo no handler.
api,src/app/api/forms/analytics/domains/route.ts,,docs/engineering/flows/forms.md,Destino de investigacao; conferir metodo e ramo no handler.
api,src/app/api/forms/analytics/jobs/anonymize-due/route.ts,,docs/engineering/runtime-surfaces.md,Destino de investigacao; conferir metodo e ramo no handler.
api,src/app/api/forms/analytics/jobs/recompute-daily/route.ts,,docs/engineering/runtime-surfaces.md,Destino de investigacao; conferir metodo e ramo no handler.
api,src/app/api/forms/analytics/occurrences/[occurrenceId]/cancel/route.ts,,docs/engineering/flows/forms.md,Destino de investigacao; conferir metodo e ramo no handler.
api,src/app/api/forms/analytics/occurrences/[occurrenceId]/reject-resolution/route.ts,,docs/engineering/flows/forms.md,Destino de investigacao; conferir metodo e ramo no handler.
api,src/app/api/forms/analytics/occurrences/[occurrenceId]/resolve/route.ts,,docs/engineering/flows/forms.md,Destino de investigacao; conferir metodo e ramo no handler.
api,src/app/api/forms/analytics/occurrences/[occurrenceId]/route.ts,,docs/engineering/flows/forms.md,Destino de investigacao; conferir metodo e ramo no handler.
api,src/app/api/forms/analytics/occurrences/[occurrenceId]/validate-resolution/route.ts,,docs/engineering/flows/forms.md,Destino de investigacao; conferir metodo e ramo no handler.
api,src/app/api/forms/analytics/occurrences/export.csv/route.ts,,docs/engineering/flows/forms.md,Destino de investigacao; conferir metodo e ramo no handler.
api,src/app/api/forms/analytics/occurrences/route.ts,,docs/engineering/flows/forms.md,Destino de investigacao; conferir metodo e ramo no handler.
api,src/app/api/forms/analytics/results/[resultId]/route.ts,,docs/engineering/flows/forms.md,Destino de investigacao; conferir metodo e ramo no handler.
api,src/app/api/forms/analytics/results/route.ts,,docs/engineering/flows/forms.md,Destino de investigacao; conferir metodo e ramo no handler.
api,src/app/api/forms/analytics/retention-policies/[policyId]/route.ts,,docs/engineering/flows/forms.md,Destino de investigacao; conferir metodo e ramo no handler.
api,src/app/api/forms/analytics/retention-policies/route.ts,,docs/engineering/flows/forms.md,Destino de investigacao; conferir metodo e ramo no handler.
api,src/app/api/forms/analytics/seed/route.ts,,docs/engineering/flows/forms.md,Destino de investigacao; conferir metodo e ramo no handler.
api,src/app/api/forms/analytics/summary/route.ts,,docs/engineering/flows/forms.md,Destino de investigacao; conferir metodo e ramo no handler.
api,src/app/api/forms/analytics/targets/[targetId]/route.ts,,docs/engineering/flows/forms.md,Destino de investigacao; conferir metodo e ramo no handler.
api,src/app/api/forms/analytics/targets/route.ts,,docs/engineering/flows/forms.md,Destino de investigacao; conferir metodo e ramo no handler.
api,src/app/api/forms/bootstrap/route.ts,,docs/engineering/flows/forms.md,Destino de investigacao; conferir metodo e ramo no handler.
api,src/app/api/forms/events/trigger/route.ts,,docs/engineering/flows/forms.md,Destino de investigacao; conferir metodo e ramo no handler.
api,src/app/api/forms/executions/[executionId]/claim/route.ts,,docs/engineering/flows/forms.md,Destino de investigacao; conferir metodo e ramo no handler.
api,src/app/api/forms/executions/[executionId]/route.ts,,docs/engineering/flows/forms.md,Destino de investigacao; conferir metodo e ramo no handler.
api,src/app/api/forms/executions/route.ts,,docs/engineering/flows/forms.md,Destino de investigacao; conferir metodo e ramo no handler.
api,src/app/api/forms/models/[modelId]/route.ts,,docs/engineering/flows/forms.md,Destino de investigacao; conferir metodo e ramo no handler.
api,src/app/api/forms/models/route.ts,,docs/engineering/flows/forms.md,Destino de investigacao; conferir metodo e ramo no handler.
api,src/app/api/forms/navigation/route.ts,,docs/engineering/flows/forms.md,Destino de investigacao; conferir metodo e ramo no handler.
api,src/app/api/forms/projects/[projectId]/route.ts,,docs/engineering/flows/forms.md,Destino de investigacao; conferir metodo e ramo no handler.
api,src/app/api/forms/projects/ensure-units/route.ts,,docs/engineering/flows/forms.md,Destino de investigacao; conferir metodo e ramo no handler.
api,src/app/api/forms/projects/route.ts,,docs/engineering/flows/forms.md,Destino de investigacao; conferir metodo e ramo no handler.
api,src/app/api/forms/scheduler/route.ts,,docs/engineering/runtime-surfaces.md,Destino de investigacao; conferir metodo e ramo no handler.
api,src/app/api/forms/subtypes/[subtypeId]/route.ts,,docs/engineering/flows/forms.md,Destino de investigacao; conferir metodo e ramo no handler.
api,src/app/api/forms/subtypes/route.ts,,docs/engineering/flows/forms.md,Destino de investigacao; conferir metodo e ramo no handler.
api,src/app/api/forms/templates/[templateId]/application/route.ts,,docs/engineering/flows/forms.md,Destino de investigacao; conferir metodo e ramo no handler.
api,src/app/api/forms/templates/[templateId]/route.ts,,docs/engineering/flows/forms.md,Destino de investigacao; conferir metodo e ramo no handler.
api,src/app/api/forms/templates/route.ts,,docs/engineering/flows/forms.md,Destino de investigacao; conferir metodo e ramo no handler.
api,src/app/api/forms/types/[typeId]/route.ts,,docs/engineering/flows/forms.md,Destino de investigacao; conferir metodo e ramo no handler.
api,src/app/api/forms/types/route.ts,,docs/engineering/flows/forms.md,Destino de investigacao; conferir metodo e ramo no handler.
api,src/app/api/forms/upload/route.ts,,docs/engineering/flows/forms.md,Destino de investigacao; conferir metodo e ramo no handler.
api,src/app/api/hr/accountant/[token]/route.ts,,docs/engineering/flows/onboarding-accountant.md,Destino de investigacao; conferir metodo e ramo no handler.
api,src/app/api/hr/apply/route.ts,,docs/engineering/flows/recruitment.md,Destino de investigacao; conferir metodo e ramo no handler.
api,src/app/api/hr/aso-clinics/route.ts,,docs/engineering/flows/onboarding-aso.md,Destino de investigacao; conferir metodo e ramo no handler.
api,src/app/api/hr/aso/candidate/[token]/route.ts,,docs/engineering/flows/onboarding-aso.md,Destino de investigacao; conferir metodo e ramo no handler.
api,src/app/api/hr/aso/clinic/[token]/route.ts,,docs/engineering/flows/onboarding-aso.md,Destino de investigacao; conferir metodo e ramo no handler.
api,src/app/api/hr/bootstrap/route.ts,,docs/engineering/flows/recruitment.md,Destino de investigacao; conferir metodo e ramo no handler.
api,src/app/api/hr/candidates/[id]/profile/route.ts,,docs/engineering/flows/recruitment.md,Destino de investigacao; conferir metodo e ramo no handler.
api,src/app/api/hr/candidates/[id]/route.ts,,docs/engineering/flows/recruitment.md,Destino de investigacao; conferir metodo e ramo no handler.
api,src/app/api/hr/candidates/route.ts,,docs/engineering/flows/recruitment.md,Destino de investigacao; conferir metodo e ramo no handler.
api,src/app/api/hr/collaborators/[userId]/pdv-access/route.ts,,docs/engineering/flows/people-access.md,Destino de investigacao; conferir metodo e ramo no handler.
api,src/app/api/hr/consents/image-voice/[employeeId]/route.ts,,docs/engineering/flows/consents.md,Destino de investigacao; conferir metodo e ramo no handler.
api,src/app/api/hr/departments/[departmentId]/route.ts,,docs/engineering/flows/organization.md,Destino de investigacao; conferir metodo e ramo no handler.
api,src/app/api/hr/departments/route.ts,,docs/engineering/flows/organization.md,Destino de investigacao; conferir metodo e ramo no handler.
api,src/app/api/hr/employee-documents/access/route.ts,,docs/engineering/flows/employee-documents.md,Destino de investigacao; conferir metodo e ramo no handler.
api,src/app/api/hr/employee-documents/analyze-upload/route.ts,,docs/engineering/flows/employee-documents.md,Destino de investigacao; conferir metodo e ramo no handler.
api,src/app/api/hr/employee-documents/batches/route.ts,,docs/engineering/flows/employee-documents.md,Destino de investigacao; conferir metodo e ramo no handler.
api,src/app/api/hr/employee-documents/cleanup/route.ts,,docs/engineering/flows/employee-documents.md,Destino de investigacao; conferir metodo e ramo no handler.
api,src/app/api/hr/employee-documents/confirm/route.ts,,docs/engineering/flows/employee-documents.md,Destino de investigacao; conferir metodo e ramo no handler.
api,src/app/api/hr/employee-documents/item/route.ts,,docs/engineering/flows/employee-documents.md,Destino de investigacao; conferir metodo e ramo no handler.
api,src/app/api/hr/employee-documents/reanalyze/route.ts,,docs/engineering/flows/employee-documents.md,Destino de investigacao; conferir metodo e ramo no handler.
api,src/app/api/hr/employee-documents/route.ts,,docs/engineering/flows/employee-documents.md,Destino de investigacao; conferir metodo e ramo no handler.
api,src/app/api/hr/employee-documents/summary/route.ts,,docs/engineering/flows/employee-documents.md,Destino de investigacao; conferir metodo e ramo no handler.
api,src/app/api/hr/employee-documents/visibility/route.ts,,docs/engineering/flows/employee-documents.md,Destino de investigacao; conferir metodo e ramo no handler.
api,src/app/api/hr/functions/[functionId]/route.ts,,docs/engineering/flows/organization.md,Destino de investigacao; conferir metodo e ramo no handler.
api,src/app/api/hr/functions/route.ts,,docs/engineering/flows/organization.md,Destino de investigacao; conferir metodo e ramo no handler.
api,src/app/api/hr/integration-templates/[templateId]/publish/route.ts,,docs/engineering/flows/onboarding-training.md,Destino de investigacao; conferir metodo e ramo no handler.
api,src/app/api/hr/integration-templates/[templateId]/route.ts,,docs/engineering/flows/onboarding-training.md,Destino de investigacao; conferir metodo e ramo no handler.
api,src/app/api/hr/integration-templates/[templateId]/versions/[version]/route.ts,,docs/engineering/flows/onboarding-training.md,Destino de investigacao; conferir metodo e ramo no handler.
api,src/app/api/hr/integration-templates/route.ts,,docs/engineering/flows/onboarding-training.md,Destino de investigacao; conferir metodo e ramo no handler.
api,src/app/api/hr/integrations/pdvlegal/catalog/route.ts,,docs/engineering/flows/people-access.md,Destino de investigacao; conferir metodo e ramo no handler.
api,src/app/api/hr/login-access/audit/route.ts,,docs/engineering/access-and-privacy.md,Destino de investigacao; conferir metodo e ramo no handler.
api,src/app/api/hr/login-access/route.ts,,docs/engineering/access-and-privacy.md,Destino de investigacao; conferir metodo e ramo no handler.
api,src/app/api/hr/navigation/route.ts,,docs/engineering/flows/recruitment.md,Destino de investigacao; conferir metodo e ramo no handler.
api,src/app/api/hr/onboarding/[id]/accountant-form/route.tsx,,docs/engineering/flows/onboarding-accountant.md,Destino de investigacao; conferir metodo e ramo no handler.
api,src/app/api/hr/onboarding/[id]/accountant-workflow/route.ts,,docs/engineering/flows/onboarding-accountant.md,Destino de investigacao; conferir metodo e ramo no handler.
api,src/app/api/hr/onboarding/[id]/aso-guide/route.tsx,,docs/engineering/flows/onboarding-aso.md,Destino de investigacao; conferir metodo e ramo no handler.
api,src/app/api/hr/onboarding/[id]/aso-workflow/route.ts,,docs/engineering/flows/onboarding-aso.md,Destino de investigacao; conferir metodo e ramo no handler.
api,src/app/api/hr/onboarding/[id]/integration/route.ts,,docs/engineering/flows/onboarding-training.md,Destino de investigacao; conferir metodo e ramo no handler.
api,src/app/api/hr/onboarding/[id]/pj-workflow/route.ts,,docs/engineering/flows/onboarding-pj-workflow.md,Destino de investigacao; conferir metodo e ramo no handler.
api,src/app/api/hr/onboarding/[id]/probation/route.ts,,docs/engineering/flows/onboarding-training.md,Destino de investigacao; conferir metodo e ramo no handler.
api,src/app/api/hr/onboarding/[id]/route.ts,,docs/engineering/flows/onboarding-stage-control.md,Destino de investigacao; conferir metodo e ramo no handler.
api,src/app/api/hr/onboarding/[id]/signature-documents/route.ts,,docs/engineering/flows/onboarding-signatures.md,Destino de investigacao; conferir metodo e ramo no handler.
api,src/app/api/hr/onboarding/[id]/training/route.ts,,docs/engineering/flows/onboarding-training.md,Destino de investigacao; conferir metodo e ramo no handler.
api,src/app/api/hr/onboarding/access-catalog/route.ts,,docs/engineering/flows/onboarding-stage-control.md,Destino de investigacao; conferir metodo e ramo no handler.
api,src/app/api/hr/onboarding/public/[token]/route.ts,,docs/engineering/flows/onboarding-public-documents.md,Destino de investigacao; conferir metodo e ramo no handler.
api,src/app/api/hr/onboarding/route.ts,,docs/engineering/flows/onboarding-stage-control.md,Destino de investigacao; conferir metodo e ramo no handler.
api,src/app/api/hr/openings/[id]/route.ts,,docs/engineering/flows/recruitment.md,Destino de investigacao; conferir metodo e ramo no handler.
api,src/app/api/hr/openings/public/route.ts,,docs/engineering/flows/recruitment.md,Destino de investigacao; conferir metodo e ramo no handler.
api,src/app/api/hr/openings/route.ts,,docs/engineering/flows/recruitment.md,Destino de investigacao; conferir metodo e ramo no handler.
api,src/app/api/hr/probation/alerts/route.ts,,docs/engineering/flows/onboarding-training.md,Destino de investigacao; conferir metodo e ramo no handler.
api,src/app/api/hr/public-stats/route.ts,,docs/engineering/flows/recruitment.md,Destino de investigacao; conferir metodo e ramo no handler.
api,src/app/api/hr/recruitment/forms/talent-pool/public/route.ts,,docs/engineering/flows/recruitment.md,Destino de investigacao; conferir metodo e ramo no handler.
api,src/app/api/hr/recruitment/forms/talent-pool/route.ts,,docs/engineering/flows/recruitment.md,Destino de investigacao; conferir metodo e ramo no handler.
api,src/app/api/hr/roles/[roleId]/route.ts,,docs/engineering/flows/organization.md,Destino de investigacao; conferir metodo e ramo no handler.
api,src/app/api/hr/roles/[roleId]/sync-profile/route.ts,,docs/engineering/flows/organization.md,Destino de investigacao; conferir metodo e ramo no handler.
api,src/app/api/hr/roles/route.ts,,docs/engineering/flows/organization.md,Destino de investigacao; conferir metodo e ramo no handler.
api,src/app/api/hr/talent/route.ts,,docs/engineering/flows/recruitment.md,Destino de investigacao; conferir metodo e ramo no handler.
api,src/app/api/hr/termination-accountant/[token]/route.ts,,docs/engineering/flows/termination-audit-payment-closure.md,Destino de investigacao; conferir metodo e ramo no handler.
api,src/app/api/hr/termination-documents/[token]/route.ts,,docs/engineering/flows/termination-audit-payment-closure.md,Destino de investigacao; conferir metodo e ramo no handler.
api,src/app/api/hr/terminations/[id]/asset/route.ts,,docs/engineering/flows/termination-audit-payment-closure.md,Destino de investigacao; conferir metodo e ramo no handler.
api,src/app/api/hr/terminations/[id]/letter/route.ts,,docs/engineering/flows/termination-audit-payment-closure.md,Destino de investigacao; conferir metodo e ramo no handler.
api,src/app/api/hr/terminations/[id]/route.ts,,docs/engineering/flows/termination-audit-payment-closure.md,Destino de investigacao; conferir metodo e ramo no handler.
api,src/app/api/hr/terminations/route.ts,,docs/engineering/flows/termination-audit-payment-closure.md,Destino de investigacao; conferir metodo e ramo no handler.
api,src/app/api/hr/upload/route.ts,,docs/engineering/flows/recruitment.md,Destino de investigacao; conferir metodo e ramo no handler.
api,src/app/api/hr/vacation-accountant/[token]/route.ts,,docs/engineering/flows/vacation-accountant-dispatch.md,Destino de investigacao; conferir metodo e ramo no handler.
api,src/app/api/integrations/bizneo/push-schedule/route.ts,,docs/engineering/flows/dp-schedules.md,Destino de investigacao; conferir metodo e ramo no handler.
api,src/app/api/integrations/bizneo/shift-templates/route.ts,,docs/engineering/flows/dp-schedules.md,Destino de investigacao; conferir metodo e ramo no handler.
api,src/app/api/integrations/bizneo/sync-taxons/route.ts,,docs/engineering/flows/rh-bizneo.md,Destino de investigacao; conferir metodo e ramo no handler.
api,src/app/api/integrations/bizneo/sync-users/route.ts,,docs/engineering/flows/rh-bizneo.md,Destino de investigacao; conferir metodo e ramo no handler.
api,src/app/api/integrations/instagram/feed/route.ts,,docs/engineering/flows/instagram-publishing.md,Leitura autenticada e limitada da grade publicada; consulta a Meta no servidor sem expor o token.
api,src/app/api/integrations/instagram/insights/route.ts,,docs/engineering/flows/instagram-publishing.md,Relatorio autenticado sob demanda; visao geral resultados publico agregado conteudo paginado e anuncios somente leitura; periodo de 7 30 90 dias ou ano atual.
api,src/app/api/integrations/instagram/media/route.ts,,docs/engineering/flows/instagram-publishing.md,Listagem por pasta com cursor e upload privado da biblioteca; autenticacao autorizacao formato tamanho pasta e workspace conferidos no servidor.
api,src/app/api/integrations/instagram/media/folders/route.ts,,docs/engineering/flows/instagram-publishing.md,Arvore e criacao de pastas da biblioteca; autenticacao autorizacao e regras de nome profundidade e limite aplicadas no servidor em transacao.
api,src/app/api/integrations/instagram/media/folders/[id]/route.ts,,docs/engineering/flows/instagram-publishing.md,Renomear mover e excluir pasta; impede ciclo e estouro de profundidade; exclusao sobe o conteudo sem apagar arquivos.
api,src/app/api/integrations/instagram/media/move/route.ts,,docs/engineering/flows/instagram-publishing.md,Mover ate 50 arquivos da biblioteca entre pastas em transacao; workspace e pasta de destino conferidos no servidor.
api,src/app/api/integrations/instagram/media/[id]/route.ts,,docs/engineering/flows/instagram-publishing.md,Previa protegida da biblioteca; valida usuario workspace documento e prefixo do objeto antes de ler o Storage.
api,src/app/api/integrations/instagram/posts/route.ts,,docs/engineering/flows/instagram-publishing.md,Cadastro editorial oficial; lista limitada e criacao idempotente em Planejado com folderPath canonico.
api,src/app/api/integrations/instagram/posts/[id]/route.ts,,docs/engineering/flows/instagram-publishing.md,Leitura oficial e edicao limitada a Planejado ou Produzido; recalcula hash e invalida aprovacoes quando o conteudo muda.
api,src/app/api/integrations/instagram/posts/[id]/actions/route.ts,,docs/engineering/flows/instagram-publishing.md,Acoes privilegiadas exigem administrador declaracao confirmacao e certificacao tecnica da midia vinculada ao hash; cria agendamento ou lembrete idempotente.
api,src/app/api/integrations/instagram/posts/[id]/media/route.ts,,docs/engineering/flows/instagram-publishing.md,Upload editorial protegido; valida arquivo grava sob folderPath canonico recalcula hash e invalida aprovacoes.
api,src/app/api/integrations/instagram/posts/[id]/media/[mediaId]/route.ts,,docs/engineering/flows/instagram-publishing.md,Previa editorial protegida; valida usuario workspace post midia e prefixo do objeto antes de ler o Storage.
api,src/app/api/integrations/instagram/schedule/route.ts,,docs/engineering/flows/instagram-publishing.md,Listagem autenticada da fila operacional; POST legado recusa criacao direta e exige cadastro editorial aprovado.
api,src/app/api/integrations/instagram/schedule/[id]/route.ts,,docs/engineering/flows/instagram-publishing.md,Reagendar trocar datas reordenar Stories cancelar pausar retomar ocultar da grade e excluir; workspace e estado conferidos em transacao no servidor.
api,src/app/api/integrations/instagram/schedule/[id]/media/[index]/route.ts,,docs/engineering/flows/instagram-publishing.md,Previa protegida da imagem agendada; valida usuario workspace documento indice e caminho antes de ler o Storage.
api,src/app/api/integrations/marketing/products/route.ts,,docs/engineering/flows/instagram-publishing.md,Projecao paginada e somente leitura de produtos para Marketing; autenticada e limitada a campos editoriais permitidos.
api,src/app/api/integrations/pdvlegal/filiais/route.ts,,docs/engineering/flows/pdv-sync.md,Destino de investigacao; conferir metodo e ramo no handler.
api,src/app/api/integrations/pdvlegal/inspect/route.ts,,docs/engineering/flows/pdv-sync.md,Destino de investigacao; conferir metodo e ramo no handler.
api,src/app/api/integrations/pdvlegal/sync/route.ts,,docs/engineering/flows/pdv-sync.md,Destino de investigacao; conferir metodo e ramo no handler.
api,src/app/api/jobs/cash-closures/daily-sync/route.ts,,docs/engineering/runtime-surfaces.md,Destino de investigacao; conferir metodo e ramo no handler.
api,src/app/api/jobs/cash-deposits/reconcile/route.ts,,docs/engineering/runtime-surfaces.md,Destino de investigacao; conferir metodo e ramo no handler.
api,src/app/api/jobs/documents/retention-reconcile/route.ts,,docs/engineering/runtime-surfaces.md,Destino de investigacao; conferir metodo e ramo no handler.
api,src/app/api/jobs/financial-budgets/generate/route.ts,,docs/engineering/flows/financial-budgets.md,Orcamentos na main; conferir escopo por acao e gatilho.
api,src/app/api/jobs/financial-inbox/maintenance/route.ts,,docs/engineering/runtime-surfaces.md,Destino de investigacao; conferir metodo e ramo no handler.
api,src/app/api/jobs/inter/cobrancas/reconcile/route.ts,,docs/engineering/runtime-surfaces.md,Destino de investigacao; conferir metodo e ramo no handler.
api,src/app/api/jobs/inter/reconcile/route.ts,,docs/engineering/runtime-surfaces.md,Destino de investigacao; conferir metodo e ramo no handler.
api,src/app/api/jobs/inter/statements/sync/route.ts,,docs/engineering/runtime-surfaces.md,Destino de investigacao; conferir metodo e ramo no handler.
api,src/app/api/jobs/stone-pix/request/route.ts,,docs/engineering/flows/stone-sales-review.md,Solicitacao idempotente de arquivos Pix por data; segredo de maquina e entrega assincrona por webhook.
api,src/app/api/jobs/stone-sales-review/reconcile/route.ts,,docs/engineering/flows/stone-sales-review.md,POST de maquina; rotina limitada e autenticada por segredo; deploy nao confirmado.
api,src/app/api/mercadorias/export/route.ts,,docs/engineering/flows/registry.md,Destino de investigacao; conferir metodo e ramo no handler.
api,src/app/api/mercadorias/route.ts,,docs/engineering/flows/registry.md,Destino de investigacao; conferir metodo e ramo no handler.
api,src/app/api/observability/client-errors/route.ts,,docs/engineering/observability.md,Destino de investigacao; conferir metodo e ramo no handler.
api,src/app/api/privacy/incidents/[id]/route.ts,,docs/engineering/access-and-privacy.md,Destino de investigacao; conferir metodo e ramo no handler.
api,src/app/api/privacy/incidents/route.ts,,docs/engineering/access-and-privacy.md,Destino de investigacao; conferir metodo e ramo no handler.
api,src/app/api/privacy/requests/[id]/route.ts,,docs/engineering/access-and-privacy.md,Destino de investigacao; conferir metodo e ramo no handler.
api,src/app/api/privacy/requests/route.ts,,docs/engineering/access-and-privacy.md,Destino de investigacao; conferir metodo e ramo no handler.
api,src/app/api/processes/route.ts,,docs/engineering/flows/termination-process-center.md,Destino de investigacao; conferir metodo e ramo no handler.
api,src/app/api/products/[id]/route.ts,,docs/engineering/flows/registry.md,Destino de investigacao; conferir metodo e ramo no handler.
api,src/app/api/products/barcode/[codigo]/route.ts,,docs/engineering/flows/registry.md,Destino de investigacao; conferir metodo e ramo no handler.
api,src/app/api/products/barcode/[codigo]/sources/route.ts,,docs/engineering/flows/registry.md,Destino de investigacao; conferir metodo e ramo no handler.
api,src/app/api/products/route.ts,,docs/engineering/flows/registry.md,Destino de investigacao; conferir metodo e ramo no handler.
api,src/app/api/profile-compliance/overview/route.ts,,docs/engineering/access-and-privacy.md,Destino de investigacao; conferir metodo e ramo no handler.
api,src/app/api/profile-compliance/route.ts,,docs/engineering/access-and-privacy.md,Destino de investigacao; conferir metodo e ramo no handler.
api,src/app/api/public/bio/media/[id]/route.ts,,docs/engineering/flows/settings.md,Destino de investigacao; conferir metodo e ramo no handler.
api,src/app/api/public/bio/route.ts,,docs/engineering/flows/settings.md,Destino de investigacao; conferir metodo e ramo no handler.
api,src/app/api/public/bio/analytics/route.ts,,docs/engineering/flows/instagram-publishing.md,Ingestao publica restrita e limitada de contadores anonimos da bio; aceita apenas eventos agregaveis encaminhados pelo site oficial.
api,src/app/api/purchasing/[...path]/route.ts,,docs/engineering/flows/purchasing-order-receipt.md,Destino de investigacao; conferir metodo e ramo no handler.
api,src/app/api/purchasing/pending-by-destination/route.ts,,docs/engineering/flows/purchasing-order-receipt.md,Avisos operacionais paginados por destino explicito; estoque e entrada pendente separados.
api,src/app/api/purchasing/pending-by-destination/ignore/route.ts,,docs/engineering/flows/purchasing-order-receipt.md,Ignora aviso do item com motivo e auditoria; compra e financeiro nao mudam.
api,src/app/api/registry/[...path]/route.ts,,docs/engineering/flows/registry.md,Destino de investigacao; conferir metodo e ramo no handler.
api,src/app/api/stock/replenishment-policy/route.ts,,docs/engineering/flows/stock-analysis.md,Estado autenticado da flag de politica; sem escrita.
api,src/app/api/registry/cnpj/[cnpj]/route.ts,,docs/engineering/flows/registry.md,Destino de investigacao; conferir metodo e ramo no handler.
api,src/app/api/rh/employee-profile/[employeeId]/image-voice-consent/route.ts,,docs/engineering/flows/rh-bizneo.md,Destino de investigacao; conferir metodo e ramo no handler.
api,src/app/api/rh/employee-profile/[employeeId]/route.ts,,docs/engineering/flows/rh-bizneo.md,Destino de investigacao; conferir metodo e ramo no handler.
api,src/app/api/rh/field-map/route.ts,,docs/engineering/flows/rh-bizneo.md,Destino de investigacao; conferir metodo e ramo no handler.
api,src/app/api/settings/ai-management/route.ts,,docs/engineering/flows/settings.md,Destino de investigacao; conferir metodo e ramo no handler.
api,src/app/api/settings/public-bio/media/[id]/route.ts,,docs/engineering/flows/settings.md,Destino de investigacao; conferir metodo e ramo no handler.
api,src/app/api/settings/public-bio/media/route.ts,,docs/engineering/flows/settings.md,Destino de investigacao; conferir metodo e ramo no handler.
api,src/app/api/settings/public-bio/route.ts,,docs/engineering/flows/settings.md,Destino de investigacao; conferir metodo e ramo no handler.
api,src/app/api/signage/asset/[...assetPath]/route.ts,,docs/engineering/flows/signage.md,Destino de investigacao; conferir metodo e ramo no handler.
api,src/app/api/signage/app/downloads/route.ts,,docs/engineering/flows/signage.md,Destino de investigacao; conferir metodo e ramo no handler.
api,src/app/api/signage/heartbeat/route.ts,,docs/engineering/flows/signage.md,Destino de investigacao; conferir metodo e ramo no handler.
api,src/app/api/signage/media/[mediaId]/route.ts,,docs/engineering/flows/signage.md,Destino de investigacao; conferir metodo e ramo no handler.
api,src/app/api/signage/media/folders/[folderId]/route.ts,,docs/engineering/flows/signage.md,Destino de investigacao; conferir metodo e ramo no handler.
api,src/app/api/signage/media/folders/route.ts,,docs/engineering/flows/signage.md,Destino de investigacao; conferir metodo e ramo no handler.
api,src/app/api/signage/media/import/route.ts,,docs/engineering/flows/signage.md,Destino de investigacao; conferir metodo e ramo no handler.
api,src/app/api/signage/media/route.ts,,docs/engineering/flows/signage.md,Destino de investigacao; conferir metodo e ramo no handler.
api,src/app/api/signage/pair/route.ts,,docs/engineering/flows/signage.md,Destino de investigacao; conferir metodo e ramo no handler.
api,src/app/api/signage/public/[kioskId]/route.ts,,docs/engineering/flows/signage.md,Destino de investigacao; conferir metodo e ramo no handler.
api,src/app/api/signage/publish/route.ts,,docs/engineering/flows/signage.md,Destino de investigacao; conferir metodo e ramo no handler.
api,src/app/api/signage/screens/[screenId]/route.ts,,docs/engineering/flows/signage.md,Destino de investigacao; conferir metodo e ramo no handler.
api,src/app/api/signage/screens/route.ts,,docs/engineering/flows/signage.md,Destino de investigacao; conferir metodo e ramo no handler.
api,src/app/api/signage/slides/[slideId]/route.ts,,docs/engineering/flows/signage.md,Destino de investigacao; conferir metodo e ramo no handler.
api,src/app/api/signage/slides/route.ts,,docs/engineering/flows/signage.md,Destino de investigacao; conferir metodo e ramo no handler.
api,src/app/api/signage/upload/route.ts,,docs/engineering/flows/signage.md,Destino de investigacao; conferir metodo e ramo no handler.
api,src/app/api/stock/count-sessions/route.ts,,docs/engineering/flows/stock-count.md,Destino de investigacao; conferir metodo e ramo no handler.
api,src/app/api/stock/item-requests/[requestId]/route.ts,,docs/engineering/flows/stock-requests-reposition-returns.md,Destino de investigacao; conferir metodo e ramo no handler.
api,src/app/api/stock/item-requests/route.ts,,docs/engineering/flows/stock-requests-reposition-returns.md,Destino de investigacao; conferir metodo e ramo no handler.
api,src/app/api/stock/movement-history/route.ts,,docs/engineering/flows/stock-control.md,Destino de investigacao; conferir metodo e ramo no handler.
api,src/app/api/stock/reposition-activities/[activityId]/finalize/route.ts,,docs/engineering/flows/stock-requests-reposition-returns.md,Destino de investigacao; conferir metodo e ramo no handler.
api,src/app/api/stock/reposition-activities/[activityId]/reopen-audit/route.ts,,docs/engineering/flows/stock-requests-reposition-returns.md,Destino de investigacao; conferir metodo e ramo no handler.
api,src/app/api/stock/reposition-activities/[activityId]/reopen-dispatch/route.ts,,docs/engineering/flows/stock-requests-reposition-returns.md,Destino de investigacao; conferir metodo e ramo no handler.
api,src/app/api/stock/reposition-activities/[activityId]/revert/route.ts,,docs/engineering/flows/stock-requests-reposition-returns.md,Destino de investigacao; conferir metodo e ramo no handler.
api,src/app/api/stock/reposition-activities/[activityId]/route.ts,,docs/engineering/flows/stock-requests-reposition-returns.md,Destino de investigacao; conferir metodo e ramo no handler.
api,src/app/api/stock/reposition-activities/route.ts,,docs/engineering/flows/stock-requests-reposition-returns.md,Destino de investigacao; conferir metodo e ramo no handler.
api,src/app/api/stock/reposition-requests/[requestId]/route.ts,,docs/engineering/flows/stock-requests-reposition-returns.md,Destino de investigacao; conferir metodo e ramo no handler.
api,src/app/api/stock/reposition-requests/route.ts,,docs/engineering/flows/stock-requests-reposition-returns.md,Destino de investigacao; conferir metodo e ramo no handler.
api,src/app/api/stock/return-requests/[requestId]/route.ts,,docs/engineering/flows/stock-requests-reposition-returns.md,Destino de investigacao; conferir metodo e ramo no handler.
api,src/app/api/stock/return-requests/route.ts,,docs/engineering/flows/stock-requests-reposition-returns.md,Destino de investigacao; conferir metodo e ramo no handler.
api,src/app/api/tasks/[taskId]/route.ts,,docs/engineering/flows/tasks.md,Destino de investigacao; conferir metodo e ramo no handler.
api,src/app/api/tasks/[taskId]/status/route.ts,,docs/engineering/flows/tasks.md,Destino de investigacao; conferir metodo e ramo no handler.
api,src/app/api/tasks/navigation/route.ts,,docs/engineering/flows/tasks.md,Destino de investigacao; conferir metodo e ramo no handler.
api,src/app/api/tasks/projects/[projectId]/route.ts,,docs/engineering/flows/tasks.md,Destino de investigacao; conferir metodo e ramo no handler.
api,src/app/api/tasks/projects/route.ts,,docs/engineering/flows/tasks.md,Destino de investigacao; conferir metodo e ramo no handler.
api,src/app/api/tasks/purchase-receipt-sync/route.ts,,docs/engineering/flows/tasks.md,Destino de investigacao; conferir metodo e ramo no handler.
api,src/app/api/tasks/route.ts,,docs/engineering/flows/tasks.md,Destino de investigacao; conferir metodo e ramo no handler.
api,src/app/api/tasks/statuses/[statusId]/route.ts,,docs/engineering/flows/tasks.md,Destino de investigacao; conferir metodo e ramo no handler.
api,src/app/api/tasks/statuses/route.ts,,docs/engineering/flows/tasks.md,Destino de investigacao; conferir metodo e ramo no handler.
api,src/app/api/tasks/subprojects/[subprojectId]/route.ts,,docs/engineering/flows/tasks.md,Destino de investigacao; conferir metodo e ramo no handler.
api,src/app/api/tasks/subprojects/route.ts,,docs/engineering/flows/tasks.md,Destino de investigacao; conferir metodo e ramo no handler.
api,src/app/api/uniforms/deliver/route.ts,,docs/engineering/flows/uniforms.md,Destino de investigacao; conferir metodo e ramo no handler.
api,src/app/api/uniforms/exchange/route.ts,,docs/engineering/flows/uniforms.md,Destino de investigacao; conferir metodo e ramo no handler.
api,src/app/api/uniforms/return/route.ts,,docs/engineering/flows/uniforms.md,Destino de investigacao; conferir metodo e ramo no handler.
api,src/app/api/uniforms/route.ts,,docs/engineering/flows/uniforms.md,Destino de investigacao; conferir metodo e ramo no handler.
api,src/app/api/uniforms/terms/[id]/route.ts,,docs/engineering/flows/uniforms.md,Destino de investigacao; conferir metodo e ramo no handler.
api,src/app/api/uploads/operations/route.ts,,docs/engineering/access-and-privacy.md,Destino de investigacao; conferir metodo e ramo no handler.
api,src/app/api/users/[userId]/route.ts,,docs/engineering/flows/people-access.md,Destino de investigacao; conferir metodo e ramo no handler.
api,src/app/api/users/route.ts,,docs/engineering/flows/people-access.md,Destino de investigacao; conferir metodo e ramo no handler.
api,src/app/api/webhooks/autentique/route.ts,,docs/engineering/runtime-surfaces.md,Destino de investigacao; conferir metodo e ramo no handler.
api,src/app/api/webhooks/inter/banking/route.ts,,docs/engineering/runtime-surfaces.md,Destino de investigacao; conferir metodo e ramo no handler.
api,src/app/api/webhooks/inter/cobranca/route.ts,,docs/engineering/runtime-surfaces.md,Destino de investigacao; conferir metodo e ramo no handler.
api,src/app/api/webhooks/resend/route.ts,,docs/engineering/runtime-surfaces.md,Destino de investigacao; conferir metodo e ramo no handler.
api,src/app/api/webhooks/stone/conciliation/route.ts,,docs/engineering/runtime-surfaces.md,Destino de investigacao; conferir metodo e ramo no handler.
function,functions/src/cash-closure-jobs.ts,cashClosureDailySync,docs/engineering/runtime-surfaces.md,onSchedule; consultar familia e consumidores no guia; deploy nao confirmado.
function,functions/src/cash-closure-summaries.ts,cashClosureSummaryReinforcement,docs/engineering/runtime-surfaces.md,onSchedule; consultar familia e consumidores no guia; deploy nao confirmado.
function,functions/src/cash-closure-summaries.ts,cashClosureSummaryWritten,docs/engineering/runtime-surfaces.md,onDocumentWritten; consultar familia e consumidores no guia; deploy nao confirmado.
function,functions/src/cash-deposit-reconciliation-job.ts,cashDepositDailyReconciliation,docs/engineering/runtime-surfaces.md,onSchedule; consultar familia e consumidores no guia; deploy nao confirmado.
function,functions/src/financial-budget-jobs.ts,financialBudgetGeneration,docs/engineering/flows/financial-budgets.md,Orcamentos na main; conferir escopo por acao e gatilho.
function,functions/src/financial-inbox-jobs.ts,financialInboxMaintenance,docs/engineering/runtime-surfaces.md,onSchedule; consultar familia e consumidores no guia; deploy nao confirmado.
function,functions/src/index.ts,checklistDailyGenerate,docs/engineering/runtime-surfaces.md,onSchedule; consultar familia e consumidores no guia; deploy nao confirmado.
function,functions/src/index.ts,checklistEscalateTasks,docs/engineering/runtime-surfaces.md,onSchedule; consultar familia e consumidores no guia; deploy nao confirmado.
function,functions/src/index.ts,checklistMarkOverdue,docs/engineering/runtime-surfaces.md,onSchedule; consultar familia e consumidores no guia; deploy nao confirmado.
function,functions/src/index.ts,cleanupExpiredActionLogs,docs/engineering/runtime-surfaces.md,onSchedule; consultar familia e consumidores no guia; deploy nao confirmado.
function,functions/src/index.ts,cleanupExpiredEmployeeDocumentBatches,docs/engineering/runtime-surfaces.md,onSchedule; consultar familia e consumidores no guia; deploy nao confirmado.
function,functions/src/index.ts,createUser,docs/engineering/runtime-surfaces.md,onCall; consultar familia e consumidores no guia; deploy nao confirmado.
function,functions/src/index.ts,deleteUser,docs/engineering/runtime-surfaces.md,onCall; consultar familia e consumidores no guia; deploy nao confirmado.
function,functions/src/index.ts,expireQuotations,docs/engineering/runtime-surfaces.md,onSchedule; consultar familia e consumidores no guia; deploy nao confirmado.
function,functions/src/index.ts,hourlyPdvSync,docs/engineering/runtime-surfaces.md,onSchedule; consultar familia e consumidores no guia; deploy nao confirmado.
function,functions/src/index.ts,onProfileChange,docs/engineering/runtime-surfaces.md,onDocumentWritten; consultar familia e consumidores no guia; deploy nao confirmado.
function,functions/src/index.ts,onReceiptStatusChange,docs/engineering/runtime-surfaces.md,onDocumentWritten; consultar familia e consumidores no guia; deploy nao confirmado.
function,functions/src/index.ts,onUserProfileChange,docs/engineering/runtime-surfaces.md,onDocumentWritten; consultar familia e consumidores no guia; deploy nao confirmado.
function,functions/src/index.ts,reactivateUser,docs/engineering/runtime-surfaces.md,onCall; consultar familia e consumidores no guia; deploy nao confirmado.
function,functions/src/index.ts,reconcileGeneratedDocumentRetention,docs/engineering/runtime-surfaces.md,onSchedule; consultar familia e consumidores no guia; deploy nao confirmado.
function,functions/src/index.ts,reconcilePdvSalesHistory,docs/engineering/runtime-surfaces.md,onSchedule; consultar familia e consumidores no guia; deploy nao confirmado.
function,functions/src/index.ts,syncBizneoUsersMonthly,docs/engineering/runtime-surfaces.md,onSchedule; consultar familia e consumidores no guia; deploy nao confirmado.
function,functions/src/index.ts,syncGoalsForRange,docs/engineering/runtime-surfaces.md,onCall; consultar familia e consumidores no guia; deploy nao confirmado.
function,functions/src/index.ts,terminateUser,docs/engineering/runtime-surfaces.md,onCall; consultar familia e consumidores no guia; deploy nao confirmado.
function,functions/src/instagram-insights-snapshot-job.ts,instagramInsightsSnapshotScheduler,docs/engineering/flows/instagram-publishing.md,onSchedule a cada 6 horas; preserva metricas Meta agregadas; deploy nao confirmado.
function,functions/src/instagram-publishing-job.ts,instagramPublishingScheduler,docs/engineering/flows/instagram-publishing.md,onSchedule; fila limitada e segredo Meta; deploy nao confirmado.
function,functions/src/inter-cobranca-jobs.ts,interCobrancaReconciliation,docs/engineering/runtime-surfaces.md,onSchedule; consultar familia e consumidores no guia; deploy nao confirmado.
function,functions/src/inter-payment-jobs.ts,interPaymentReconciliation,docs/engineering/runtime-surfaces.md,onSchedule; consultar familia e consumidores no guia; deploy nao confirmado.
function,functions/src/inter-statement-jobs.ts,interStatementSync,docs/engineering/runtime-surfaces.md,onSchedule; consultar familia e consumidores no guia; deploy nao confirmado.
function,functions/src/rh/automations.ts,scheduledDateAlerts,docs/engineering/runtime-surfaces.md,onSchedule; consultar familia e consumidores no guia; deploy nao confirmado.
function,functions/src/rh/automations.ts,scheduledProfileCompletion,docs/engineering/runtime-surfaces.md,onSchedule; consultar familia e consumidores no guia; deploy nao confirmado.
function,functions/src/rh/field-update.ts,onFieldUpdate,docs/engineering/runtime-surfaces.md,onCall; consultar familia e consumidores no guia; deploy nao confirmado.
function,functions/src/rh/propagation.ts,checkFieldMapConsistency,docs/engineering/runtime-surfaces.md,onSchedule; consultar familia e consumidores no guia; deploy nao confirmado.
function,functions/src/rh/sync.ts,manualSyncFromBizneo,docs/engineering/runtime-surfaces.md,onCall; consultar familia e consumidores no guia; deploy nao confirmado.
function,functions/src/rh/sync.ts,syncFromBizneo,docs/engineering/runtime-surfaces.md,onSchedule; consultar familia e consumidores no guia; deploy nao confirmado.
function,functions/src/rh/sync.ts,syncRhAccessCache,docs/engineering/runtime-surfaces.md,onDocumentWritten; consultar familia e consumidores no guia; deploy nao confirmado.
function,functions/src/rh/termination.ts,lgpdScheduledCleanup,docs/engineering/runtime-surfaces.md,onSchedule; consultar familia e consumidores no guia; deploy nao confirmado.
function,functions/src/rh/termination.ts,onTermination,docs/engineering/runtime-surfaces.md,onDocumentWritten; consultar familia e consumidores no guia; deploy nao confirmado.
function,functions/src/stock-min-recalc-schedule.ts,recalculateMinimumStock,docs/engineering/runtime-surfaces.md,onSchedule; legado mais preview com flag false; nova politica com true; deploy nao confirmado.
function,functions/src/stone-portfolio-job.ts,stonePortfolioDailySync,docs/engineering/runtime-surfaces.md,onSchedule; consultar familia e consumidores no guia; deploy nao confirmado.
function,functions/src/stone-pix-job.ts,stonePixDailyRequest,docs/engineering/flows/stone-sales-review.md,onSchedule; solicita datas Pix ausentes e aguarda webhook; deploy nao confirmado.
function,functions/src/stone-sales-review-job.ts,stoneSalesReviewScheduler,docs/engineering/flows/stone-sales-review.md,onSchedule; revalida dias recentes e completa historico anual em lotes; deploy nao confirmado.
function,functions/src/uber-sftp/jobs.ts,uberExpenseCandidateWritten,docs/engineering/runtime-surfaces.md,onDocumentWritten; consultar familia e consumidores no guia; deploy nao confirmado.
function,functions/src/uber-sftp/jobs.ts,uberSftpDailySync,docs/engineering/runtime-surfaces.md,onSchedule; consultar familia e consumidores no guia; deploy nao confirmado.
function,functions/src/uber-sftp/jobs.ts,uberTransactionCandidateWritten,docs/engineering/runtime-surfaces.md,onDocumentWritten; consultar familia e consumidores no guia; deploy nao confirmado.
function,functions/src/vacation-alerts.ts,vacationWorkflowDailyAlerts,docs/engineering/runtime-surfaces.md,onSchedule; consultar familia e consumidores no guia; deploy nao confirmado.
page,src/app/(modules)/escala/page.tsx,,docs/engineering/flows/dp-schedules.md,Entrada externa classificada no external-page-map; publicidade nao presumida.
page,src/app/aso/candidato/[token]/page.tsx,,docs/engineering/flows/onboarding-aso.md,Entrada externa classificada no external-page-map; publicidade nao presumida.
page,src/app/aso/clinica/[token]/page.tsx,,docs/engineering/flows/onboarding-aso.md,Entrada externa classificada no external-page-map; publicidade nao presumida.
page,src/app/catalogo/page.tsx,,docs/engineering/flows/catalog.md,Entrada externa classificada no external-page-map; publicidade nao presumida.
page,src/app/contador/ficha-registro/[token]/page.tsx,,docs/engineering/flows/onboarding-accountant.md,Entrada externa classificada no external-page-map; publicidade nao presumida.
page,src/app/desligamento/contabilidade/[token]/page.tsx,,docs/engineering/flows/termination-notice-accountant.md,Entrada externa classificada no external-page-map; publicidade nao presumida.
page,src/app/desligamento/documentos/[token]/page.tsx,,docs/engineering/flows/termination-audit-payment-closure.md,Entrada externa classificada no external-page-map; publicidade nao presumida.
page,src/app/document-preview/[id]/page.tsx,,docs/engineering/flows/document-generation.md,Entrada externa classificada no external-page-map; publicidade nao presumida.
page,src/app/ferias/contabilidade/[token]/page.tsx,,docs/engineering/flows/vacation-accountant-dispatch.md,Entrada externa classificada no external-page-map; publicidade nao presumida.
page,src/app/forgot-password/page.tsx,,docs/engineering/access-and-privacy.md,Entrada externa classificada no external-page-map; publicidade nao presumida.
page,src/app/instagram-programacao/page.tsx,,docs/engineering/flows/instagram-publishing.md,Workspace autenticado com posts editoriais aprovacoes certificacao calendario grade biblioteca editor autorizado da bio e relatorios.
page,src/app/login/page.tsx,,docs/engineering/access-and-privacy.md,Entrada externa classificada no external-page-map; publicidade nao presumida.
page,src/app/page.tsx,,docs/engineering/flows/recruitment.md,Entrada externa classificada no external-page-map; publicidade nao presumida.
page,src/app/patrimonio/[code]/page.tsx,,docs/engineering/flows/assets.md,Entrada externa classificada no external-page-map; publicidade nao presumida.
page,src/app/player/page.tsx,,docs/engineering/flows/signage.md,Entrada externa classificada no external-page-map; publicidade nao presumida.
page,src/app/app/page.tsx,,docs/engineering/flows/signage.md,Entrada externa classificada no external-page-map; publicidade nao presumida.
page,src/app/primeiro-acesso/[token]/page.tsx,,docs/engineering/flows/onboarding-activation.md,Entrada externa classificada no external-page-map; publicidade nao presumida.
page,src/app/tv/[kioskId]/page.tsx,,docs/engineering/flows/signage.md,Entrada externa classificada no external-page-map; publicidade nao presumida.
page,src/app/vagas/[slug]/page.tsx,,docs/engineering/flows/recruitment.md,Entrada externa classificada no external-page-map; publicidade nao presumida.
page,src/app/vagas/banco-de-talentos/page.tsx,,docs/engineering/flows/recruitment.md,Entrada externa classificada no external-page-map; publicidade nao presumida.
page,src/app/vagas/onboarding/[token]/page.tsx,,docs/engineering/flows/onboarding-public-documents.md,Entrada externa classificada no external-page-map; publicidade nao presumida.
page,src/app/vagas/page.tsx,,docs/engineering/flows/recruitment.md,Entrada externa classificada no external-page-map; publicidade nao presumida.
api,src/app/api/financial/inbox/mobile-upload/route.ts,,docs/engineering/flows/purchasing-order-receipt.md,Envio de nota e comprovante pelo aplicativo com analise unica de IA; idempotente por submissionId; nao registra compra.
api,src/app/api/mobile/app-attestation/route.ts,,docs/engineering/flows/purchasing-order-receipt.md,Troca de token Play Integrity por passe HMAC do proprio usuario; desligado por padrao; nao validado ponta a ponta.
api,src/app/api/purchasing/local-purchases/confirm/route.ts,,docs/engineering/flows/purchasing-order-receipt.md,Confirma compra local revisada; cria despesa e pre-vinculo de sangria e dispara entrada de estoque idempotente em outro banco.
api,src/app/api/purchasing/local-purchases/context/route.ts,,docs/engineering/flows/purchasing-order-receipt.md,Cadastros para a revisao no aplicativo; unidades do usuario e produtos de estoque so com permissao propria; GET sem escrita.
api,src/app/api/purchasing/local-purchases/list/route.ts,,docs/engineering/flows/purchasing-order-receipt.md,Compras locais para a lista geral de compras; leitura limitada e escopo de unidade; GET sem escrita.
api,src/app/api/purchasing/local-purchases/reverse/route.ts,,docs/engineering/flows/purchasing-order-receipt.md,Estorno completo com motivo; desfaz estoque e despesa e libera a sangria; bloqueia se pago ou vinculado no fechamento.
api,src/app/api/purchasing/local-purchases/withdrawals/route.ts,,docs/engineering/flows/purchasing-order-receipt.md,Sangrias do PDV sem nota lidas ao vivo com cache curto; so unidades do usuario; GET sem escrita.
api,src/app/api/purchasing/local-purchases/link-withdrawal/route.ts,,docs/engineering/flows/purchasing-order-receipt.md,Liga a uma sangria do PDV uma compra em dinheiro ja registrada; revalida no PDV e tenta a conciliacao automatica.
api,src/app/api/stock/mobile-count/route.ts,,docs/engineering/flows/stock-count.md,Unidades e contagens abertas do proprio operador para o aplicativo; GET sem escrita.
api,src/app/api/stock/mobile-count/start/route.ts,,docs/engineering/flows/stock-count.md,Abre a contagem da unidade com itens montados no servidor ou devolve a ja aberta pelo operador.
api,src/app/api/stock/mobile-count/save/route.ts,,docs/engineering/flows/stock-count.md,Salva rascunho ou conclui pela mesma transacao de finalizacao do web; so o dono da sessao.
api,src/app/api/stock/mobile-reposition/route.ts,,docs/engineering/flows/stock-requests-reposition-returns.md,Reposicoes aguardando recebimento nas unidades de destino do usuario; GET sem escrita.
api,src/app/api/stock/mobile-reposition/receive/route.ts,,docs/engineering/flows/stock-requests-reposition-returns.md,Registra o recebimento pelo aplicativo na unidade de destino; nao movimenta estoque.
api,src/app/api/goals/mobile/route.ts,,docs/engineering/flows/goals.md,Metas em andamento das unidades do usuario para o aplicativo com placar e previsao de premio; GET sem escrita.
api,src/app/api/dp/mobile-schedule/route.ts,,docs/engineering/flows/collaborator-schedule.md,Escala publicada das unidades do proprio usuario para o aplicativo; mesma regra do portal do colaborador; GET sem escrita.
api,src/app/api/mobile/profile/route.ts,,docs/engineering/access-and-privacy.md,Cartao do proprio usuario (nome cargo foto) e modulos do aplicativo liberados pelo perfil; GET sem escrita.
api,src/app/api/mobile/profile/photo/route.ts,,docs/engineering/access-and-privacy.md,Troca da propria foto de perfil pelo aplicativo no mesmo caminho e campo do perfil web; imagem validada por conteudo.
page,src/app/app/coala-one/page.tsx,,docs/engineering/flows/purchasing-order-receipt.md,Entrada externa classificada no external-page-map; publicidade nao presumida.
